{"cameraMode":{"drawMode":0,"name":"Shaded","section":"Shading Mode"},"sceneLighting":true,"audioPlay":false,"sceneViewState":{"showFog":true,"showMaterialUpdate":true,"showSkybox":true,"showFlares":true,"showImageEffects":true,"showParticleSystems":true},"in2DMode":false,"pivot":{"x":22.042461395263673,"y":-77.32262420654297,"z":471.7435607910156},"rotation":{"x":0.08390045911073685,"y":0.014362121932208538,"z":-0.0013448776444420219,"w":0.9964620471000671},"size":241.09326171875,"orthographic":false}