{"cameraMode":{"drawMode":0,"name":"Shaded","section":"Shading Mode"},"sceneLighting":false,"audioPlay":false,"sceneViewState":{"showFog":true,"showMaterialUpdate":true,"showSkybox":false,"showFlares":true,"showImageEffects":true,"showParticleSystems":true},"in2DMode":false,"pivot":{"x":0.00002830103039741516,"y":-0.021096177399158479,"z":0.016558736562728883},"rotation":{"x":0.11518353223800659,"y":0.8653079271316528,"z":-0.2325463593006134,"w":0.42893826961517336},"size":0.1307147890329361,"orthographic":false}