{"cameraMode":{"drawMode":0,"name":"Shaded","section":"Shading Mode"},"sceneLighting":false,"audioPlay":false,"sceneViewState":{"showFog":true,"showMaterialUpdate":true,"showSkybox":false,"showFlares":true,"showImageEffects":true,"showParticleSystems":true},"in2DMode":false,"pivot":{"x":0.20722299814224244,"y":0.0025039315223693849,"z":0.11523875594139099},"rotation":{"x":-0.016455911099910737,"y":-0.08534246683120728,"z":-0.00121294055134058,"w":0.9963290095329285},"size":1.1755257844924927,"orthographic":false}