{"cameraMode":{"drawMode":0,"name":"Shaded","section":"Shading Mode"},"sceneLighting":false,"audioPlay":false,"sceneViewState":{"showFog":true,"showMaterialUpdate":true,"showSkybox":false,"showFlares":true,"showImageEffects":true,"showParticleSystems":true},"in2DMode":false,"pivot":{"x":-2.761972665786743,"y":-10.185171127319336,"z":-1.6505807638168336},"rotation":{"x":0.2989797294139862,"y":-0.4951014518737793,"z":0.1863492876291275,"w":0.7942887544631958},"size":15.67227554321289,"orthographic":false}