{"cameraMode":{"drawMode":0,"name":"Shaded","section":"Shading Mode"},"sceneLighting":true,"audioPlay":false,"sceneViewState":{"showFog":true,"showMaterialUpdate":true,"showSkybox":true,"showFlares":true,"showImageEffects":true,"showParticleSystems":true},"in2DMode":false,"pivot":{"x":-1.0095219612121583,"y":-12.615781784057618,"z":20.760499954223634},"rotation":{"x":-0.17107291519641877,"y":0.09942182153463364,"z":-0.017354318872094156,"w":-0.980076789855957},"size":25.980762481689454,"orthographic":false}