{"cameraMode":{"drawMode":0,"name":"Shaded","section":"Shading Mode"},"sceneLighting":false,"audioPlay":false,"sceneViewState":{"showFog":true,"showMaterialUpdate":true,"showSkybox":false,"showFlares":true,"showImageEffects":true,"showParticleSystems":true},"in2DMode":false,"pivot":{"x":6.789999961853027,"y":2.6399998664855959,"z":0.0},"rotation":{"x":-0.06594777852296829,"y":0.01911872997879982,"z":-0.0013029914116486908,"w":-0.9977436065673828},"size":1.658312439918518,"orthographic":false}