{"cameraMode":{"drawMode":0,"name":"Shaded","section":"Shading Mode"},"sceneLighting":true,"audioPlay":false,"sceneViewState":{"showFog":true,"showMaterialUpdate":true,"showSkybox":true,"showFlares":true,"showImageEffects":true,"showParticleSystems":true},"in2DMode":false,"pivot":{"x":9.195222854614258,"y":2.63283371925354,"z":0.6599597334861755},"rotation":{"x":0.09941709786653519,"y":-0.6177598834037781,"z":0.07930225878953934,"w":0.7761662602424622},"size":0.6120142340660095,"orthographic":false}