{"cameraMode":{"drawMode":0,"name":"Shaded","section":"Shading Mode"},"sceneLighting":false,"audioPlay":false,"sceneViewState":{"showFog":true,"showMaterialUpdate":true,"showSkybox":false,"showFlares":true,"showImageEffects":true,"showParticleSystems":true},"in2DMode":false,"pivot":{"x":5.040000915527344,"y":-0.8299999237060547,"z":0.0},"rotation":{"x":-0.04499194025993347,"y":-0.0003354349755682051,"z":0.000017398546333424747,"w":-0.9990916848182678},"size":122.02129364013672,"orthographic":false}