{"cameraMode":{"drawMode":0,"name":"Shaded","section":"Shading Mode"},"sceneLighting":true,"audioPlay":false,"sceneViewState":{"showFog":true,"showMaterialUpdate":true,"showSkybox":true,"showFlares":true,"showImageEffects":true,"showParticleSystems":true},"in2DMode":false,"pivot":{"x":647.9993896484375,"y":-451.96820068359377,"z":-461.06683349609377},"rotation":{"x":0.11518353223800659,"y":0.8653079271316528,"z":-0.2325463593006134,"w":0.42893826961517336},"size":467.420166015625,"orthographic":false}