{"cameraMode":{"drawMode":0,"name":"Shaded","section":"Shading Mode"},"sceneLighting":true,"audioPlay":false,"sceneViewState":{"showFog":true,"showMaterialUpdate":true,"showSkybox":true,"showFlares":true,"showImageEffects":true,"showParticleSystems":true},"in2DMode":false,"pivot":{"x":9.256729125976563,"y":2.8894431591033937,"z":0.050238218158483508},"rotation":{"x":-0.1597934514284134,"y":0.02190522477030754,"z":-0.0034013455733656885,"w":-0.9870039820671082},"size":1.8000171184539796,"orthographic":false}