{"cameraMode":{"drawMode":0,"name":"Shaded","section":"Shading Mode"},"sceneLighting":true,"audioPlay":false,"sceneViewState":{"showFog":true,"showMaterialUpdate":true,"showSkybox":true,"showFlares":true,"showImageEffects":true,"showParticleSystems":true},"in2DMode":false,"pivot":{"x":532.4254760742188,"y":139.80641174316407,"z":-159.8743438720703},"rotation":{"x":0.18090733885765077,"y":-0.09042918682098389,"z":-0.016707172617316247,"w":-0.9791943430900574},"size":1.2247449159622193,"orthographic":false}