{"cameraMode":{"drawMode":0,"name":"Shaded","section":"Shading Mode"},"sceneLighting":true,"audioPlay":false,"sceneViewState":{"showFog":true,"showMaterialUpdate":true,"showSkybox":true,"showFlares":true,"showImageEffects":true,"showParticleSystems":true},"in2DMode":false,"pivot":{"x":4.798047065734863,"y":1.8200175762176514,"z":13.022598266601563},"rotation":{"x":-0.09263629466295243,"y":0.07129545509815216,"z":-0.006688558030873537,"w":-0.9932287931442261},"size":9.083011627197266,"orthographic":false}