{"cameraMode":{"drawMode":0,"name":"Shaded","section":"Shading Mode"},"sceneLighting":true,"audioPlay":false,"sceneViewState":{"showFog":true,"showMaterialUpdate":true,"showSkybox":true,"showFlares":true,"showImageEffects":true,"showParticleSystems":true},"in2DMode":false,"pivot":{"x":6.951030254364014,"y":2.5670135021209719,"z":40.565956115722659},"rotation":{"x":0.007808637339621782,"y":-0.007502614054828882,"z":0.000058174478908767924,"w":0.9999450445175171},"size":1.2247449159622193,"orthographic":false}