{"cameraMode":{"drawMode":0,"name":"Shaded","section":"Shading Mode"},"sceneLighting":false,"audioPlay":false,"sceneViewState":{"showFog":true,"showMaterialUpdate":true,"showSkybox":false,"showFlares":true,"showImageEffects":true,"showParticleSystems":true},"in2DMode":false,"pivot":{"x":-0.5089974403381348,"y":-0.16372793912887574,"z":-0.007163405418395996},"rotation":{"x":0.14776812493801118,"y":-0.2749086916446686,"z":0.04302915185689926,"w":0.9491927027702332},"size":1.3171401023864747,"orthographic":false}