{"cameraMode":{"drawMode":0,"name":"Shaded","section":"Shading Mode"},"sceneLighting":true,"audioPlay":false,"sceneViewState":{"showFog":true,"showMaterialUpdate":true,"showSkybox":true,"showFlares":true,"showImageEffects":true,"showParticleSystems":true},"in2DMode":false,"pivot":{"x":213.14999389648438,"y":116.99992370605469,"z":0.0},"rotation":{"x":-0.13113757967948914,"y":-0.22279684245586396,"z":-0.030355293303728105,"w":0.965648889541626},"size":122.0913314819336,"orthographic":false}