{"cameraMode":{"drawMode":0,"name":"Shaded","section":"Shading Mode"},"sceneLighting":true,"audioPlay":false,"sceneViewState":{"showFog":true,"showMaterialUpdate":true,"showSkybox":true,"showFlares":true,"showImageEffects":true,"showParticleSystems":true},"in2DMode":false,"pivot":{"x":-256.662841796875,"y":-73.33238220214844,"z":-391.0030822753906},"rotation":{"x":-0.02373546175658703,"y":0.9535180926322937,"z":-0.07736141234636307,"w":-0.29057517647743227},"size":243.54925537109376,"orthographic":false}