{"cameraMode":{"drawMode":0,"name":"Shaded","section":"Shading Mode"},"sceneLighting":true,"audioPlay":false,"sceneViewState":{"showFog":true,"showMaterialUpdate":true,"showSkybox":true,"showFlares":true,"showImageEffects":true,"showParticleSystems":true},"in2DMode":false,"pivot":{"x":6.586275577545166,"y":2.5863547325134279,"z":15.714406967163086},"rotation":{"x":-0.09884702414274216,"y":0.007116853259503841,"z":-0.0008272053673863411,"w":-0.9951857924461365},"size":0.43531352281570437,"orthographic":false}