{"cameraMode":{"drawMode":0,"name":"Shaded","section":"Shading Mode"},"sceneLighting":true,"audioPlay":false,"sceneViewState":{"showFog":true,"showMaterialUpdate":true,"showSkybox":true,"showFlares":true,"showImageEffects":true,"showParticleSystems":true},"in2DMode":false,"pivot":{"x":-608.1442260742188,"y":-720.4990234375,"z":-112.09915161132813},"rotation":{"x":0.26912274956703188,"y":-0.6886440515518189,"z":0.31000855565071108,"w":0.5978045463562012},"size":501.2068176269531,"orthographic":false}