{"cameraMode":{"drawMode":0,"name":"Shaded","section":"Shading Mode"},"sceneLighting":true,"audioPlay":false,"sceneViewState":{"showFog":true,"showMaterialUpdate":true,"showSkybox":true,"showFlares":true,"showImageEffects":true,"showParticleSystems":true},"in2DMode":false,"pivot":{"x":9.34346866607666,"y":3.066365957260132,"z":0.15466059744358064},"rotation":{"x":0.33917152881622317,"y":-0.5199825763702393,"z":0.23613744974136353,"w":0.7476861476898193},"size":0.6120142340660095,"orthographic":false}