{"cameraMode":{"drawMode":0,"name":"Shaded","section":"Shading Mode"},"sceneLighting":false,"audioPlay":false,"sceneViewState":{"showFog":true,"showMaterialUpdate":true,"showSkybox":false,"showFlares":true,"showImageEffects":true,"showParticleSystems":true},"in2DMode":false,"pivot":{"x":4.836999893188477,"y":1.0,"z":6.3178510665893559},"rotation":{"x":0.09941709786653519,"y":-0.6177598834037781,"z":0.07930225878953934,"w":0.7761662602424622},"size":11.642986297607422,"orthographic":false}