{"cameraMode":{"drawMode":0,"name":"Shaded","section":"Shading Mode"},"sceneLighting":true,"audioPlay":false,"sceneViewState":{"showFog":true,"showMaterialUpdate":true,"showSkybox":true,"showFlares":true,"showImageEffects":true,"showParticleSystems":true},"in2DMode":false,"pivot":{"x":6.961221218109131,"y":3.2855587005615236,"z":-4.6611552238464359},"rotation":{"x":-0.016455911099910737,"y":-0.08534246683120728,"z":-0.00121294055134058,"w":0.9963290095329285},"size":0.6120142340660095,"orthographic":false}