{"cameraMode":{"drawMode":0,"name":"Shaded","section":"Shading Mode"},"sceneLighting":true,"audioPlay":false,"sceneViewState":{"showFog":true,"showMaterialUpdate":true,"showSkybox":true,"showFlares":true,"showImageEffects":true,"showParticleSystems":true},"in2DMode":false,"pivot":{"x":24.893924713134767,"y":-77.3226318359375,"z":471.6528625488281},"rotation":{"x":0.08389604836702347,"y":0.017351439222693445,"z":-0.0015965726925060154,"w":0.9964144825935364},"size":241.09326171875,"orthographic":false}