{"cameraMode":{"drawMode":0,"name":"Shaded","section":"Shading Mode"},"sceneLighting":true,"audioPlay":false,"sceneViewState":{"showFog":true,"showMaterialUpdate":true,"showSkybox":true,"showFlares":true,"showImageEffects":true,"showParticleSystems":true},"in2DMode":false,"pivot":{"x":6.733957290649414,"y":5.465144634246826,"z":-3.4653220176696779},"rotation":{"x":0.06143050640821457,"y":-0.03318283334374428,"z":0.002191349631175399,"w":0.9976643919944763},"size":0.6120142340660095,"orthographic":false}