{"cameraMode":{"drawMode":0,"name":"Shaded","section":"Shading Mode"},"sceneLighting":false,"audioPlay":false,"sceneViewState":{"showFog":true,"showMaterialUpdate":true,"showSkybox":false,"showFlares":true,"showImageEffects":true,"showParticleSystems":true},"in2DMode":false,"pivot":{"x":-0.6474984288215637,"y":-0.5145518183708191,"z":-2.197350263595581},"rotation":{"x":0.12416896969079972,"y":-0.42738261818885805,"z":0.05924161523580551,"w":0.8936445713043213},"size":0.3808802366256714,"orthographic":false}