{"cameraMode":{"drawMode":0,"name":"Shaded","section":"Shading Mode"},"sceneLighting":true,"audioPlay":false,"sceneViewState":{"showFog":true,"showMaterialUpdate":true,"showSkybox":true,"showFlares":true,"showImageEffects":true,"showParticleSystems":true},"in2DMode":false,"pivot":{"x":9.226320266723633,"y":2.6563477516174318,"z":-10.614270210266114},"rotation":{"x":0.005851042922586203,"y":-0.2102031260728836,"z":0.0013413889100775123,"w":0.9777622818946838},"size":0.6120142340660095,"orthographic":false}