{"cameraMode":{"drawMode":0,"name":"Shaded","section":"Shading Mode"},"sceneLighting":true,"audioPlay":false,"sceneViewState":{"showFog":true,"showMaterialUpdate":true,"showSkybox":true,"showFlares":true,"showImageEffects":true,"showParticleSystems":true},"in2DMode":false,"pivot":{"x":7.570278644561768,"y":3.0381739139556886,"z":14.167573928833008},"rotation":{"x":-0.06594777852296829,"y":0.01911872997879982,"z":-0.0013029914116486908,"w":-0.9977436065673828},"size":11.709163665771485,"orthographic":false}